Member id,Member name,Member phone number,Member address
101,Sophia Nguyen,1234567890,789 Oak St Hillcrest ABC123
102,Liam Patel,2345678901,456 Pine St Sunnyville DEF456
103,Olivia Martin,3456789012,123 Elm St Lakeside GHI789
104,Noah Smith,4567890123,789 Maple St Riverdale JKL012
105,Emma Johnson,5678901234,901 Cedar St Brookside MNO345
106,William Brown,6789012345,234 Oak St Greenvale PQR678
107,Amelia Jones,7890123456,567 Birch St Greenwood STU901
108,Oliver Williams,8901234567,890 Pine St Oakville VWX234
109,Charlotte Garcia,9012345678,1234 Elm St Willow Creek YZA567
110,Ethan Lee,123456789,456 Maple St Cedar Hill BCD890
111,Ava Rodriguez,1234567890,789 Cedar St Mountainview EFG123
112,Liam Martinez,2345678901,901 Oak St Hillcrest HIJ456
113,Sophia Hernandez,3456789012,234 Pine St Lakeside KLM789
114,Olivia Nguyen,4567890123,567 Elm St Sunnyville NOP012
115,Noah Patel,5678901234,789 Maple St Riverdale QRS345
116,Emma Martin,6789012345,901 Cedar St Brookside TUV678
117,William Smith,7890123456,123 Oak St Greenvale VWX901
118,Amelia Johnson,8901234567,456 Birch St Greenwood YZA234
119,Oliver Brown,9012345678,789 Pine St Oakville BCD567
120,Charlotte Jones,2123456789,1234 Elm St Willow Creek EFG890
121,Ethan Garcia,1234567890,456 Maple St Cedar Hills HIJ123
122,Ava Lee,2345678901,789 Cedar St Mountainview KLM456
123,Liam Hernandez,3456789012,901 Oak St Hillcrest NOP789
124,Sophia Nguyen,4567890123,234 Pine St Lakeside QRS012
125,Olivia Patel,5678901234,567 Elm St Sunnyville TUV345
126,Noah Martin,6789012345,789 Maple St Riverdale VWX678
127,Emma Smith,7890123456,901 Cedar St Brookside YZA901
128,William Brown,8901234567,123 Oak St Greenvale BCD234
129,Amelia Johnson,9012345678,456 Birch St Greenwood EFG567
130,Oliver Garcia,123456789,789 Pine St Oakville HIJ890
131,Charlotte Lee,1234567890,1234 Elm St Willow Creek KLM123
132,Ethan Hernandez,2345678901,456 Maple St Cedar Hills NOP456
133,Ava Garcia,3456789012,789 Cedar St Mountainview QRS789
134,Liam Lee,4567890123,901 Oak St Hillcrest TUV012
135,Sophia Hernandez,5678901234,234 Pine St Lakeside VWX345
136,Olivia Nguyen,6789012345,567 Elm St Sunnyville YZA678
137,Noah Patel,7890123456,789 Maple St Riverdale BCD901
138,Emma Martin,8901234567,901 Cedar St Brookside EFG234
139,William Smith,9012345678,123 Oak St Greenvale HIJ567
140,Amelia Brown,123456789,456 Birch St Greenwood KLM890
141,Oliver Johnson,1234567890,789 Pine St Oakville NOP123
142,Charlotte Garcia,2345678901,1234 Elm St Willow Creek QRS456
143,Ethan Jones,3456789012,456 Maple St Cedar Hills TUV789
144,Ava Lee,4567890123,789 Cedar St Mountainview VWX012
145,Liam Hernandez,5678901234,901 Oak St Hillcrest YZA345
146,Sophia Nguyen,6789012345,234 Pine St Lakeside BCD678
147,Olivia Patel,7890123456,567 Elm St Sunnyville EFG901
148,Noah Martin,8901234567,789 Maple St Riverdale HIJ234
149,Emma Smith,9012345678,901 Cedar St Brookside KLM567
150,William Brown,123456789,123 Oak St Greenvale NOP890
151,Amelia Johnson,1234567890,456 Birch St Greenwood QRS123
152,Oliver Garcia,2345678901,789 Pine St Oakville TUV456
153,Charlotte Lee,3456789012,1234 Elm St Willow Creek VWX789
154,Ethan Hernandez,4567890123,456 Maple St Cedar Hills YZA012
155,Ava Garcia,5678901234,789 Cedar St Mountainview BCD345
156,Liam Lee,6789012345,901 Oak St Hillcrest EFG678
157,Sophia Hernandez,7890123456,234 Pine St Lakeside HIJ901
158,Olivia Nguyen,8901234567,567 Elm St Sunnyville KLM234
159,Noah Patel,9012345678,789 Maple St Riverdale NOP567
160,Emma Martin,123456789,901 Cedar St Brookside QRS890
161,William Smith,1234567890,123 Oak St Greenvale TUV123
162,Amelia Brown,2345678901,456 Birch St Greenwood VWX456
163,Oliver Johnson,3456789012,789 Pine St Oakville YZA789
164,Charlotte Garcia,4567890123,1234 Elm St Willow Creek BCD012
165,Levi Thompson,2345678901,34567 Willow St Greenfield STU012
166,Autumn Watson,3456789012,45678 Elm St Riverdale UVW345
167,Maxwell Walker,4567890123,56789 Maple St Hillcrest WXY678
168,Nora Brooks,5678901234,67890 Pine St Springville XYZ901
169,Theodore Price,6789012345,78901 Cedar St Lakeside ABC234
170,Valentina Baker,7890123456,89012 Oak St Meadowview BCD567
171,Grayson Bell,8901234567,90123 Birch St Valleyview CDE890
172,Hazel Scott,9012345678,01234 Ash St Woodside DEF123
173,Silas Fisher,123456789,12345 Walnut St Brookside EFG456
174,Camila Cole,1234567890,23456 Hickory St Hilltop FGH789
175,Kai Kennedy,2345678901,34567 Maple St Forestview GHI012
176,Luna Collins,3456789012,45678 Elm St Riverview HIJ345
177,Paxton Morgan,4567890123,56789 Pine St Springbrook IJK678
178,Zara Hunt,5678901234,67890 Cedar St Lakeshore JKL901
179,Jett Jenkins,6789012345,78901 Oak St Meadowbrook LMN234
180,Everly Reed,7890123456,89012 Birch St Valleybrook MNO567
181,Emery Patel,8901234567,90123 Ash St Woodland NOP890
182,Cali Singh,9012345678,01234 Walnut St Brookview OPQ123
183,Brooks Ramirez,123456789,12345 Hickory St Hillcrest PQR456
184,Skylar Taylor,1234567890,23456 Maple St Forestville QRS789
185,Evie Campbell,2345678901,34567 Elm St Riverview RST012
186,Cruz Coleman,3456789012,45678 Pine St Springbrook STU345
187,Kendall Rivera,4567890123,56789 Cedar St Lakeshore TUV678
188,Arianna Myers,5678901234,67890 Oak St Meadowview UVW901
189,Axel Hayes,6789012345,78901 Birch St Valleyview VWX234
190,Phoebe Long,7890123456,89012 Ash St Woodside WXY567
191,Lennon Ross,8901234567,90123 Walnut St Brookside XYZ890
192,Astrid Evans,9012345678,01234 Hickory St Hilltop YZA123
193,Beckett Brooks,123456789,12345 Maple St Forestview ZAB456
194,Elliott Price,1234567890,23456 Elm St Riverview ABC789
195,Haven Patel,2345678901,34567 Pine St Springbrook BCD012
196,Aurora White,3456789012,45678 Cedar St Lakeshore CDE345
197,Kian Turner,4567890123,56789 Oak St Meadowview DEF678
198,Kayla Jenkins,5678901234,67890 Birch St Valleyview EFG901
199,Gideon Hunt,6789012345,78901 Ash St Woodside FGH234
200,Isla Morgan,7890123456,89012 Walnut St Brookside GHI567
