Member ID,Member Name,Member Email,Member Phone Number
1,John Doe,johndoe@example.com,123-456-7890
2,Jane Smith,janesmith@example.com,456-789-0123
3,Michael Johnson,michaeljohnson@example.com,789-012-3456
4,Emily Brown,emilybrown@example.com,012-345-6789
5,David Wilson,davidwilson@example.com,234-567-8901
6,Sarah Taylor,sarahtaylor@example.com,567-890-1234
7,Robert Martinez,robertmartinez@example.com,890-123-4567
8,Emma Anderson,emmaanderson@example.com,345-678-9012
9,James Thomas,jamesthomas@example.com,678-901-2345
10,Olivia Garcia,oliviagarcia@example.com,901-234-5678
11,Alexander Hernandez,alexanderhernandez@example.com,123-456-7891
12,Sophia Lopez,sophialopez@example.com,456-789-0124
13,William Gonzalez,williamgonzalez@example.com,789-012-3457
14,Isabella Perez,isabellaperez@example.com,012-345-6790
15,Ethan Adams,ethanadams@example.com,234-567-8902
16,Amelia Campbell,ameliacampbell@example.com,567-890-1235
17,Mason Parker,masonparker@example.com,890-123-4568
18,Mia Evans,miaevans@example.com,345-678-9013
19,Benjamin Cooper,benjamincooper@example.com,678-901-2346
20,Charlotte Murphy,charlottemurphy@example.com,901-234-5679
21,Aiden Bailey,aidenbailey@example.com,123-456-7892
22,Harper Rivera,harperrivera@example.com,456-789-0125
23,Elijah Reed,elijahreed@example.com,789-012-3458
24,Abigail Cook,abigailcook@example.com,012-345-6791
25,Emily Coleman,emilycoleman@example.com,234-567-8903
26,Lucas Stewart,lucasstewart@example.com,567-890-1236
27,Ella Morris,ellamorris@example.com,890-123-4569
28,Michael Hill,michaelhill@example.com,345-678-9014
29,Sofia Sullivan,sofiasullivan@example.com,678-901-2347
30,Liam Rogers,liamrogers@example.com,901-234-5680
31,Avery Butler,averybutler@example.com,123-456-7893
32,Evelyn Brooks,evelynbrooks@example.com,456-789-0126
33,Alexander Sanders,alexandersanders@example.com,789-012-3459
34,Chloe Long,chloelong@example.com,012-345-6792
35,Daniel Ward,danielward@example.com,234-567-8904
36,Madison Foster,madisonfoster@example.com,567-890-1237
37,Logan Ramirez,loganramirez@example.com,890-123-4570
38,Grace Perry,graceperry@example.com,345-678-9015
39,Ava Murphy,avamurphy@example.com,678-901-2348
40,Liam Howard,liamhoward@example.com,901-234-5681
41,Elizabeth Russell,elizabethrussell@example.com,123-456-7894
42,Michael Price,michaelprice@example.com,456-789-0127
43,Samantha Henderson,samanthahenderson@example.com,789-012-3460
44,Joseph Bell,josephbell@example.com,012-345-6793
45,Victoria Watson,victoriawatson@example.com,234-567-8905
46,Andrew Powell,andrewpowell@example.com,567-890-1238
47,Isabella Hughes,isabellahughes@example.com,890-123-4571
48,David Simmons,davidsimmons@example.com,345-678-9016
49,Madison Perry,madisonperry@example.com,678-901-2349
50,Samuel Price,samuelprice@example.com,901-234-5682
51,Charlotte Edwards,charlotteedwards@example.com,123-456-7895
52,Christopher Lee,christopherlee@example.com,456-789-0128
53,Elizabeth Taylor,elizabethtaylor@example.com,789-012-3461
54,John Ross,johnross@example.com,012-345-6794
55,Olivia Peterson,oliviapeterson@example.com,234-567-8906
56,Daniel James,danieljames@example.com,567-890-1239
57,Mia Nelson,mianelson@example.com,890-123-4572
58,Sophia Edwards,sophiaedwards@example.com,345-678-9017
59,Logan Scott,loganscott@example.com,678-901-2350
60,Lucas Garcia,lucasgarcia@example.com,901-234-5683
61,Emma Wright,emmawright@example.com,123-456-7896
62,William Ward,williamward@example.com,456-789-0129
63,Avery Perez,averyperez@example.com,789-012-3462
64,Harper Wright,harperwright@example.com,012-345-6795
65,Sofia Murphy,sofiamurphy@example.com,234-567-8907
66,Jack Long,jacklong@example.com,567-890-1240
67,Abigail Scott,abigailscott@example.com,890-123-4573
68,Jackson Baker,jacksonbaker@example.com,345-678-9018
69,Avery Hill,averyhill@example.com,678-901-2351
70,Samuel Thompson,samuelthompson@example.com,901-234-5684
71,Mia Thomas,miathomas@example.com,123-456-7897
72,Joseph Evans,josephevans@example.com,456-789-0130
73,Charlotte White,charlottewhite@example.com,789-012-3463
74,Amelia Lee,amelialee@example.com,012-345-6796
75,Daniel Martinez,danielmartinez@example.com,234-567-8908
76,Grace Rodriguez,gracerodriguez@example.com,567-890-1241
77,Lillian Young,lillianyoung@example.com,890-123-4574
78,Logan Clark,loganclark@example.com,345-678-9019
79,Samuel Cooper,samuelcooper@example.com,678-901-2352
80,Ella Watson,ellawatson@example.com,901-234-5687
81,Oliver Wright,oliverwright@example.com,901-234-5685
82,Sophia Carter,sophiacarter@example.com,123-456-7898
83,Aiden Green,aidengreen@example.com,456-789-0131
84,Emily Adams,emilyadams@example.com,789-012-3464
85,Lucas Harris,lucasharris@example.com,012-345-6797
86,Isabella Martinez,isabellamartinez@example.com,234-567-8909
87,Avery Clark,averyclark@example.com,567-890-1242
88,Emma Gonzalez,emmagonzalez@example.com,890-123-4575
89,Liam Rodriguez,liamrodriguez@example.com,345-678-9020
90,Olivia Hill,oliviahill@example.com,678-901-2353
91,Ethan Wright,ethanwright@example.com,901-234-5686
92,Mia Mitchell,miamitchell@example.com,123-456-7899
93,Lucas Nelson,lucasnelson@example.com,456-789-0132
94,Charlotte Perez,charlotteperez@example.com,789-012-3465
95,James Collins,jamescollins@example.com,012-345-6798
96,Sofia Ramirez,sofiaramirez@example.com,234-567-8910
97,Liam Stewart,liamstewart@example.com,567-890-1243
98,Amelia Bell,ameliabell@example.com,890-123-4576
99,Olivia Turner,oliviaturner@example.com,345-678-9021
100,Michael Bailey,michaelbailey@example.com,678-901-2354
